{
  "pattern": "Basic Tee_2D.PDS",
  "target_size": "4XL",
  "rendered_size": "Small",
  "scale_factors": {
    "Front": {
      "x": 1.2746795333429353,
      "y": 1.0736090090717783
    },
    "Back": {
      "x": 1.2746240824804618,
      "y": 1.07278252264132
    },
    "Right Sleeve": {
      "x": 1.1471913580246913,
      "y": 1.1788742432170705
    },
    "Neck Binding": {
      "x": 1.2297604192662839,
      "y": 1.0020961614044281
    }
  },
  "fabric_length_cm": 74.51168267813833,
  "utilization": 66.50909503208923,
  "piece_count": 7
}