{
  "pattern": "Basic Tee_2D.PDS",
  "target_size": "XS",
  "rendered_size": "Small",
  "scale_factors": {
    "Front": {
      "x": 0.9542128762782659,
      "y": 0.9877361326691105
    },
    "Back": {
      "x": 0.9542239197658638,
      "y": 0.9878615338295431
    },
    "Right Sleeve": {
      "x": 0.9754822530864198,
      "y": 0.9702424783412692
    },
    "Neck Binding": {
      "x": 0.9621412528075866,
      "y": 0.999842787894668
    }
  },
  "fabric_length_cm": 67.93965444949407,
  "utilization": 51.92544228995691,
  "piece_count": 7
}