{
  "pattern": "Basic Tee_2D.PDS",
  "target_size": "3XL",
  "rendered_size": "Small",
  "scale_factors": {
    "Front": {
      "x": 1.2289068126170244,
      "y": 1.0613386904692785
    },
    "Back": {
      "x": 1.2288588018877773,
      "y": 1.0606580306339062
    },
    "Right Sleeve": {
      "x": 1.1226504629629628,
      "y": 1.14902674814785
    },
    "Neck Binding": {
      "x": 1.1914316612594626,
      "y": 1.0022795755273157
    }
  },
  "fabric_length_cm": 73.58085714682565,
  "utilization": 64.42444603608493,
  "piece_count": 7
}