{
  "pattern": "Basic Tee_2D.PDS",
  "target_size": "XL",
  "rendered_size": "Small",
  "scale_factors": {
    "Front": {
      "x": 1.1373505689183352,
      "y": 1.0367993435186011
    },
    "Back": {
      "x": 1.1373210409414407,
      "y": 1.0364014243483275
    },
    "Right Sleeve": {
      "x": 1.0735802469135802,
      "y": 1.0893743769933255
    },
    "Neck Binding": {
      "x": 1.114749188919391,
      "y": 1.001493515000655
    }
  },
  "fabric_length_cm": 71.69997961768507,
  "utilization": 60.2547243269572,
  "piece_count": 7
}