{
  "pattern": "Basic Tee_2D.PDS",
  "target_size": "2XL",
  "rendered_size": "Small",
  "scale_factors": {
    "Front": {
      "x": 1.1831268903932017,
      "y": 1.0490683718667788
    },
    "Back": {
      "x": 1.183093521295093,
      "y": 1.0485309978695754
    },
    "Right Sleeve": {
      "x": 1.098113425925926,
      "y": 1.1191934594066018
    },
    "Neck Binding": {
      "x": 1.153094584477165,
      "y": 1.0019651513166514
    }
  },
  "fabric_length_cm": 72.6416603373211,
  "utilization": 62.33963958872158,
  "piece_count": 7
}